"genus","mean_rel_before","mean_rel_after","log2fc_rel","wilcox_p","q"
"s__parvula",0.002127646797804,0.000415126294150402,-2.35484322882589,0.0190588916017305,0.530505325222596
"s__caccae",0.00231265188368083,0.00032971026065737,-2.80653209765351,0.0243902414330541,0.530505325222596
"s__mucilaginosa",0.00585644588386671,0.00256483509512282,-1.19084326813714,0.0253846030944281,0.530505325222596
"s__fragilis",0.00425550675814137,0.00128366371231518,-1.7282791678918,0.0463723744801877,0.530505325222596
"s__uniformis",0.00843070718054693,0.00463619640539829,-0.862571932992471,0.0499998630113825,0.530505325222596
"s__reuteri",0.000621191888828562,0.00183657805318958,1.56237403885066,0.0527870006322246,0.530505325222596
"s__animalis",7.21724859655894e-05,0.000915698059005063,3.64707343977032,0.0580240199462214,0.530505325222596
"s__ruminis",0.00229704097802291,0.00103348116991872,-1.15149713907997,0.100348246462291,0.555767476491063
"s__onderdonkii",0.000559919781367484,0,-9.13165065169895,0.100348246462291,0.555767476491063
"s__schaedleri",0,0.000155965060586268,7.29429964998312,0.100348246462291,0.555767476491063
"s__copri",0.0103588999217526,0.00532047457930579,-0.961112089752069,0.118312716164607,0.555767476491063
"s__dispar",0.0266151577057339,0.00436689113840655,-2.60729351428014,0.13054070066071,0.555767476491063
"s__putredinis",0.00197296548856708,0.000426712700658976,-2.20638281406048,0.142213241936393,0.555767476491063
"s__C21_c20",0.000784505175545807,0.000309661463136634,-1.33827749174837,0.153576396549984,0.555767476491063
"s__mucosae",0.00251290786708342,0.00381987326494651,0.603970628554432,0.168166829372509,0.555767476491063
"s__bromii",0.00161375292831233,0.00325947033931945,1.01376665899881,0.170598771596629,0.555767476491063
"s__colinum",0.000452493005541202,0.00154838504193042,1.77254351218854,0.177529852412153,0.555767476491063
"s__pseudolongum",0,0.000227265140937906,7.83456674782239,0.18144920772142,0.555767476491063
"s__coprophilus",0.00222634045895835,0.000532344729433756,-2.06218186625552,0.18144920772142,0.555767476491063
"s__eutactus",0.00063192271629471,0,-9.30588553836151,0.18144920772142,0.555767476491063
"s__muciniphila",0.00534058560816169,0.00303173148980199,-0.816650287163597,0.193600969171221,0.555767476491063
"s__pullicaecorum",0.00169723411548816,0.000546951991374297,-1.63191395732972,0.197326044882155,0.555767476491063
"s__alactolyticus",0.000179154874834509,0.00135996114423218,2.91731628265883,0.201242620957724,0.555767476491063
"s__spiroforme",0.00164984096696073,0.000576566607313034,-1.51514190689956,0.208412803684149,0.555767476491063
"s__producta",0.00963673019387815,0.00687271439907406,-0.487603504338258,0.244293641331777,0.625391721809348
"s__ovatus",0.0110007250351645,0.00895135265824255,-0.297390977092597,0.276260224405267,0.649947351569898
"s__anginosus",0.000903775075132256,0.000152398756426148,-2.56027239907404,0.280712665268496,0.649947351569898
"s__bifidum",0.00136040574259734,0.00250973721312976,0.88301393616925,0.286320596793059,0.649947351569898
"s__perfringens",0.00158493650065263,0.000434982572991184,-1.86299263395124,0.29450739368011,0.649947351569898
"s__",0.412178457755283,0.442993597878168,0.104016500387838,0.309491092612211,0.660247664239383
"s__longum",0.0177417966563964,0.0214008627632513,0.270502942421862,0.321901983361352,0.664571836616984
"s__ramosum",0.00331284391129447,0.00433652456887311,0.388366279190929,0.338763015336974,0.677526030673947
"s__maritima",0.000236938054591985,7.84091210263155e-05,-1.5832093957904,0.352542137499713,0.683718084847928
"s__obeum",0.00231734946138105,0.00337602428929695,0.542654505518885,0.398304593395588,0.723451052298721
"s__acidilactici",0.000564958667581165,0.00114242136064693,1.01458854628507,0.401678166469773,0.723451052298721
"s__helveticus",0.0133292791807194,0.00720204565731616,-0.888028041496202,0.406941216918031,0.723451052298721
"s__parainfluenzae",0.0055888798349281,0.00532265499869909,-0.0704001900061639,0.422175673993565,0.729423214084889
"s__formicigenerans",0.00671127940010065,0.00558066256171032,-0.266107860323626,0.433095033362903,0.729423214084889
"s__plebeius",0.00278081680442515,0.00347962917274367,0.323320702264765,0.449803788345075,0.738139550104739
"s__palleronii",0.00185263040361689,0.00308978902078273,0.737621565397087,0.484641678788314,0.775426686061303
"s__distasonis",0.00785585443686533,0.00501865231066002,-0.646364393527291,0.513591682337011,0.801704089501676
"s__rhizosphaerae",0.000669709188351011,0.000386561552128676,-0.791261910393157,0.563317799720071,0.830410553984519
"s__D168",0.000203914989132045,0.000635426445742934,1.63496826739603,0.583882420770365,0.830410553984519
"s__hathewayi",0.000367363002779832,0.000140349361950208,-1.38186279808707,0.583882420770365,0.830410553984519
"s__flavefaciens",4.12483306297572e-05,1.55903601685006e-05,-1.34854913007526,0.583882420770365,0.830410553984519
"__",0.245936232409143,0.241598072974123,-0.0256752419117497,0.713175676255546,0.987156638380654
"s__longicatena",0.00177281273470024,0.00201292738975247,0.183157960077576,0.726767806199101,0.987156638380654
"s__breve",0.00113741394964863,0.000920979079909789,-0.304219324481369,0.740367478785491,0.987156638380654
"s__prausnitzii",0.042598399204396,0.0497995772873732,0.225329382369404,0.763938808898517,0.993777192665226
"s__formicilis",0.00683310194688893,0.00624465254236023,-0.129899457459962,0.776388431769708,0.993777192665226
"s__aerofaciens",0.0073057180983158,0.00548526584513019,-0.413399015760613,0.798272981372542,1
"s__adolescentis",0.0588184421457464,0.0953198686222259,0.696498996801739,0.820221923334007,1
"s__dolichum",0.00106632409640984,0.000522930747734045,-1.02655028517212,0.84451926747294,1
"s__gnavus",0.0269645981294642,0.0171798446428075,-0.650319071082212,0.850603560371215,1
"s__catus",0.00136866466675467,0.00125536862010083,-0.124562908398267,0.893903721815722,1
"s__neonatale",0.00188610320297294,0.000907248022611911,-1.05501509922275,0.905695442034309,1
"s__zeae",0.000966893937860939,0.000486637799514468,-0.98903900356062,0.932646638965876,1
"s__biforme",0.00244390527198782,0.00222729388285324,-0.13383905109296,0.932646638965876,1
"s__viridiflava",0.00388315988510885,0.00380175684030346,-0.0305568965058397,0.939389356873358,1
"s__citroniae",0.00216816988473307,0.00168119909918856,-0.366794578189879,0.944182513250483,1
"s__lenta",0.00173029306803677,0.00140760493909674,-0.297582913937216,1,1
"s__moorei",0.000124772901165061,0.000120166124762,-0.0538347037413253,1,1
"s__salivarius",0.0014232768099854,0.000779786010446985,-0.86723045405675,1,1
"s__yabuuchiae",0.00103141233901237,0.00093289546987299,-0.144686304754754,1,1
