"genus","mean_rel_before","mean_rel_after","log2fc_rel","cliffs_delta","p","q"
"s__reuteri",0.000111585944919278,0.0021631480503613,4.26470055834297,-0.224537037037037,0.00660762796171755,0.415662156936402
"s__fragi",0,0.000587698640090839,9.20138548476619,-0.166666666666667,0.0115461710260112,0.415662156936402
"s__animalis",1.96813232067846e-05,0.000769253317917433,5.21893259333872,-0.202160493827161,0.0188912062149588,0.453388949159012
"s__muciniphila",0.0101212478376311,0.0378738456818885,1.90371030696827,-0.29320987654321,0.0309748675191192,0.454642434970365
"s__catus",0.000374833953852939,0.00113849697629732,1.60022978163781,-0.185185185185185,0.0315723913173864,0.454642434970365
"s__uniformis",0.0089598461338268,0.00444161117836716,-1.01222708534315,0.256172839506173,0.0487847355400842,0.492594289353109
"s__bromii",0.00582259495239811,0.0104759786320774,0.84724080954835,-0.229938271604938,0.0785403543054359,0.492594289353109
"s__celatum",0.000397432833853074,0,-8.63819273096877,0.0833333333333333,0.0818171623460463,0.492594289353109
"s__vaccae",0,0.000229568997674818,7.84905473091856,-0.0833333333333334,0.0818171623460463,0.492594289353109
"s__butyricum",0.00181895149556915,3.90611128866162e-05,-5.50555369135347,0.114969135802469,0.0820990482255181,0.492594289353109
"s__mucosae",1.04005458206447e-05,0.000883833240761046,6.27823078204081,-0.114969135802469,0.0820990482255181,0.492594289353109
"s__flavefaciens",3.00657839352503e-06,0.000106770109995596,4.74944258731604,-0.114969135802469,0.0820990482255181,0.492594289353109
"s__spiroforme",0.000264681564479195,0.000494226069058956,0.898389137702739,-0.132716049382716,0.0937499909799652,0.519230719273653
"s__longicatena",0.00191215257299746,0.000636399462208373,-1.58568222552055,0.160493827160494,0.132749865666556,0.667250688080867
"s__onderdonkii",0.000739187863689154,0.00149243650123695,1.01267251149806,-0.111111111111111,0.139985847475237,0.667250688080867
"s__zeae",1.92017819253627e-05,0.00022532860699505,3.4858644882256,-0.0848765432098766,0.163697549212832,0.667250688080867
"s__dispar",0.0102523754900673,0.00536973695092986,-0.932906966509704,0.175154320987654,0.178497641627241,0.667250688080867
"s__fragilis",0.00527258234954504,0.00199493435297592,-1.40171904832475,0.16358024691358,0.18447321019234,0.667250688080867
"s__gnavus",0.0260898795720524,0.0159961376635507,-0.705731791295453,0.176697530864198,0.188442854410561,0.667250688080867
"s__aerofaciens",0.0069535440531531,0.0119692237599668,0.783422282446829,-0.167438271604938,0.193513653400665,0.667250688080867
"s__ovatus",0.0115738039561886,0.00509493760130137,-1.18356824128387,0.170524691358025,0.194614784023586,0.667250688080867
"s__piscolens",0.000463489575645445,0.000816935032020216,0.816340036367613,-0.0787037037037037,0.268565478617101,0.878941566383241
"__",0.333632709766617,0.286512370808347,-0.219662596281059,0.140432098765432,0.30809036409638,0.935027192738735
"s__eutactus",0.00238804023871042,0.00116187927262237,-1.03872982597928,0.0910493827160495,0.325922184572106,0.935027192738735
"s__callidus",0.00162195423110762,0.0006850540223717,-1.24222822605002,0.100308641975309,0.329221066672706,0.935027192738735
"s__copri",0.038780687689822,0.0370239871756524,-0.0668763517719298,0.12037037037037,0.341257723424104,0.935027192738735
"s__helveticus",0.00129610817582378,0.000722073667980805,-0.843084258025879,0.0864197530864197,0.351345197376503,0.935027192738735
"s__stercorea",0.0024777113780298,0.00121009198003733,-1.0332818542935,0.0787037037037037,0.363621686065064,0.935027192738735
"s__neonatale",0.000378477039767188,0.000170884972697367,-1.14256917757255,0.0570987654320987,0.391130061448272,0.970406740152537
"s__viridiflava",0.00431710954934047,0.00350725405271562,-0.29964661927638,0.103395061728395,0.414153912328717,0.970406740152537
"s__palleronii",0.00310031836635936,0.00226398151615271,-0.453382356745057,0.0895061728395061,0.43391336657756,0.970406740152537
"s__anginosus",0.000711055965127113,0.0013160939565503,0.887295724143895,0.0509259259259258,0.445111884165646,0.970406740152537
"s__dentocariosa",0.000423055372155606,0.000216818392432671,-0.961126881464331,0.0563271604938271,0.457431940302639,0.970406740152537
"s__colinum",0.00141380608615379,0.000802049073682486,-0.817044272808395,0.0717592592592593,0.476515199189941,0.970406740152537
"s__indistinctus",0.00148203093735329,0.000582655282469497,-1.34536025046105,0.0640432098765431,0.47685918348513,0.970406740152537
"s__formicilis",0.0113454890332221,0.016071593509214,0.502356793698031,-0.0910493827160493,0.500907691807088,0.970406740152537
"s__citroniae",0.00176983283391543,0.00109816586946565,-0.68801891614072,0.0555555555555556,0.506081654772433,0.970406740152537
"s__D168",0.00591502694290212,0.000680577182285638,-3.11767967959783,0.0462962962962963,0.59562700161939,0.970406740152537
"s__plebeius",0.00728149782913866,0.0066192112038167,-0.137556122412142,0.0617283950617284,0.622264697068954,0.970406740152537
"s__parvula",0.00212414432441367,0.00156490369718726,-0.440565332121664,0.0532407407407407,0.627678565507617,0.970406740152537
"s__finegoldii",0.000718187994653358,0.000335596271624516,-1.09534974180442,0.029320987654321,0.636380176168078,0.970406740152537
"s__rhizosphaerae",0.000727368003283146,0.000747633574298684,0.0395922037836114,-0.0470679012345679,0.642436604432512,0.970406740152537
"s__formicigenerans",0.00577292044284687,0.0068924124814145,0.255667115263287,-0.0617283950617284,0.645421473119703,0.970406740152537
"s__perfringens",0.00046520832480849,0.000549083880438466,0.238676861064696,0.0277777777777777,0.654722702102815,0.970406740152537
"s__costicola",5.89804610430862e-05,0.000136996331265655,1.20206539568447,-0.0262345679012346,0.67327604538419,0.970406740152537
"s__luteciae",0.000963824860350631,0.000376684023362141,-1.35308732444141,0.0262345679012346,0.67327604538419,0.970406740152537
"s__durum",3.95311214117538e-05,6.02872329962415e-05,0.596556478978746,-0.0262345679012346,0.67327604538419,0.970406740152537
"s__maritima",6.96706313904513e-05,8.78838812097976e-05,0.330811016439226,-0.0246913580246914,0.692030378093167,0.970406740152537
"s__yabuuchiae",0.00129228940431538,0.00124596397295007,-0.0526253649664609,-0.0432098765432098,0.715472197381738,0.970406740152537
"s__dolichum",0.000251192647661947,0.0010057801155722,1.99715050636509,-0.0324074074074074,0.730661250116018,0.970406740152537
"s__ramosum",0.00177411545739862,0.00171927341229235,-0.0452749852936193,0.0354938271604939,0.733589281330829,0.970406740152537
"s__C21_c20",0.000734572102782656,0.000536484046631693,-0.452644831422993,-0.0339506172839507,0.754820710527151,0.970406740152537
"s__putredinis",0.00452311544963992,0.0028819428979039,-0.650093483697497,0.0324074074074074,0.756484055216935,0.970406740152537
"s__caccae",0.00224570955081465,0.00171218327578944,-0.391134129717243,0.0308641975308641,0.757032048953532,0.970406740152537
"s__prausnitzii",0.0354561798136336,0.0413869741492981,0.223133841535047,-0.0416666666666666,0.764327113012925,0.970406740152537
"s__distasonis",0.00475885088087326,0.00608419840535975,0.354387925449187,-0.0401234567901234,0.767218311889092,0.970406740152537
"s__obeum",0.00114900601435543,0.00145918034502533,0.344505159283867,-0.0277777777777778,0.768858325879511,0.970406740152537
"s__torques",0.00205038315869007,0.00269848907989207,0.396089396225716,-0.029320987654321,0.788149774261882,0.970406740152537
"s__breve",0.000949440734180447,0.0008469149154507,-0.164677164857714,-0.0277777777777778,0.799349607896025,0.970406740152537
"s__",0.360011210416884,0.370281292871175,0.0405797217851534,-0.0339506172839507,0.808672283460448,0.970406740152537
"s__pullicaecorum",0.000992878854538615,9.47264963555207e-05,-3.37607979817558,0.0123456790123457,0.876972066732745,0.99430929067517
"s__longum",0.00909151832752915,0.0133263007065043,0.551632774712138,-0.0185185185185185,0.895996918387013,0.99430929067517
"s__producta",0.00193391571481553,0.00111382752109504,-0.795450200788858,0.0100308641975309,0.922084462307569,0.99430929067517
"s__mucilaginosa",0.00267342881518333,0.004571614774859,0.773788578550301,-0.0115740740740741,0.932837173234859,0.99430929067517
"s__bifidum",0.000767276488973325,0.000827225894611331,0.10839870495028,-0.00771604938271608,0.937767239234795,0.99430929067517
"s__parainfluenzae",0.00749854973595703,0.0092028409497282,0.295432072253828,0.0108024691358024,0.938313303805613,0.99430929067517
"s__moorei",0.000126202596420882,0.000101147968878594,-0.316467601127087,0.00462962962962954,0.958845086467136,0.99430929067517
"s__hathewayi",0.000691340450421593,0.000636994447202916,-0.117937773452068,-0.00308641975308643,0.975300038826637,0.99430929067517
"s__adolescentis",0.0334669977620296,0.0534983926534256,0.676740269825203,-0.00462962962962965,0.976679681768533,0.99430929067517
"s__biforme",0.00203754114784087,0.00292973546533993,0.523725675220987,-0.00308641975308643,0.979237012257403,0.99430929067517
"s__salivarius",0.000288187312487035,0.0012599796442171,2.12446882322951,-0.00154320987654322,0.991765510318365,0.99430929067517
"s__lenta",0.000972864370257989,0.000648027892082348,-0.585440383058363,0.00154320987654311,0.99430929067517,0.99430929067517
