"PCo1","PCo2","sample","Group"
-0.347959861684419,0.0547890072408292,"J_XYL_F_0001_01","IBS_before"
-0.306707875864973,0.0526033174719074,"J_XYL_F_0001_02","IBS_after"
0.120406368176194,0.0573325863474928,"J_XYL_F_0002_01","IBS_before"
0.162252331053499,-0.0305600981246044,"J_XYL_F_0002_02","IBS_after"
0.0941439498231066,-0.0115998006276109,"J_XYL_F_0003_01","IBS_before"
0.023988434839315,-0.471376480065508,"J_XYL_F_0003_02","IBS_after"
0.191691126451197,0.0683632693502554,"J_XYL_F_0004_01","IBS_before"
0.0685749209590894,-0.108855339863174,"J_XYL_F_0004_02","IBS_after"
0.0808690392852342,-0.114088748941211,"J_XYL_F_0005_01","IBS_before"
-0.056924519296008,0.0280775705938469,"J_XYL_F_0005_02","IBS_after"
0.118383544913992,0.163271290114005,"J_XYL_F_0006_01","IBS_before"
-0.0296693740358928,0.044731848240029,"J_XYL_F_0006_02","IBS_after"
0.0361242623061313,0.0933602153114174,"J_XYL_F_0010_01","IBS_before"
0.230826107386617,0.0819820906394821,"J_XYL_F_0010_02","IBS_after"
-0.0243089826906632,-0.518429132806939,"J_XYL_F_0012_01","IBS_before"
0.00556604160944486,-0.58169335584915,"J_XYL_F_0012_02","IBS_after"
0.132218490088413,0.0796575439365685,"J_XYL_F_0013_01","IBS_before"
0.17284110906736,0.148619805965505,"J_XYL_F_0013_02","IBS_after"
-0.163666199980258,-0.00896073464062883,"J_XYL_F_0015_01","IBS_before"
-0.0136220807712122,-0.222054822350509,"J_XYL_F_0015_02","IBS_after"
-0.191232714816123,-0.0650107027088781,"J_XYL_F_0016_01","IBS_before"
-0.0321312212000915,0.0740594215307289,"J_XYL_F_0016_02","IBS_after"
0.137817547657124,0.0544202256155041,"J_XYL_F_0018_01","IBS_before"
0.145284434675663,-0.0503430137825278,"J_XYL_F_0018_02","IBS_after"
0.202853553015341,0.0629422239049141,"J_XYL_F_0020_01","IBS_before"
-0.166364479047678,0.018622990761007,"J_XYL_F_0020_02","IBS_after"
-0.155798214012444,0.0338901944432633,"J_XYL_F_0025_01","IBS_before"
-0.0835023556617191,0.0367236451208251,"J_XYL_F_0025_02","IBS_after"
0.208037783128423,0.0884682445094138,"J_XYL_F_0031_01","IBS_before"
0.139405633411108,0.130662790275766,"J_XYL_F_0031_02","IBS_after"
-0.00365126865162882,-0.0666160472036358,"J_XYL_F_0032_01","IBS_before"
0.0716152593080481,0.0551167335673267,"J_XYL_F_0032_02","IBS_after"
-0.0271612900492619,0.072253109395067,"J_XYL_F_0034_01","IBS_before"
-0.329072212437294,0.00726729074837184,"J_XYL_F_0034_02","IBS_after"
-0.0244545228933463,0.00740075895381143,"J_XYL_F_0036_01","IBS_before"
-0.00971799621948674,-0.0217883075883763,"J_XYL_F_0036_02","IBS_after"
0.0858056726480553,0.0807815507759008,"J_XYL_F_0043_01","IBS_before"
-0.0342555007119344,0.0224263632871793,"J_XYL_F_0043_2","IBS_after"
0.0484585402856912,0.152783496050982,"J_XYL_F_0044_01","IBS_before"
-0.101278483508065,0.139275213933538,"J_XYL_F_0044_02","IBS_after"
-0.478605522157654,0.024183488171307,"J_XYL_F_0045_01","IBS_before"
-0.495857504801559,0.035113324096456,"J_XYL_F_0045_2","IBS_after"
0.10352162894968,0.0367725546293681,"J_XYL_F_0046_01","IBS_before"
-0.0357542796070458,0.0882124402119026,"J_XYL_F_0046_02","IBS_after"
-0.12284610409736,0.118230331453537,"J_XYL_F_0047_01","IBS_before"
-0.00823857425704325,0.0828295718196644,"J_XYL_F_0047_02","IBS_after"
-0.493420691749936,0.0370726157561279,"J_XYL_F_0048_01","IBS_before"
-0.0874050685682757,0.0361771654804811,"J_XYL_F_0049_02","IBS_after"
-0.406725098447945,0.030864448920324,"J_XYL_F_0050_01","IBS_before"
-0.607744533740241,0.0991609906778741,"J_XYL_F_0050_02","IBS_after"
-0.386645734463148,0.0510654210355355,"J_XYL_F_0051_01","IBS_before"
0.265841010497565,0.0309367317758581,"J_XYL_F_0051_02","IBS_after"
0.085897142693552,-0.139277178402909,"J_XYL_F_0053_01","IBS_before"
0.127910712132306,-0.108938473895846,"J_XYL_F_0053_02","IBS_after"
-0.289664169844454,0.0729258318159384,"J_XYL_F_0057_01","IBS_before"
-0.0586758149225557,0.0345754050774096,"J_XYL_F_0057_02","IBS_after"
-0.363506366490735,0.0365485366012763,"J_XYL_F_0058_01","IBS_before"
0.0595359971126289,0.0530974489196038,"J_XYL_F_0058_02","IBS_after"
0.122983837592341,0.0466582686250726,"J_XYL_F_0059_01","IBS_before"
0.0979310630349224,0.0169453218051647,"J_XYL_F_0059_02","IBS_after"
-0.0933550105021955,0.0705402756159371,"J_XYL_F_0060_01","IBS_before"
0.175792841395351,0.134653896904266,"J_XYL_F_0060_02","IBS_after"
0.246503758382679,0.111789698935696,"J_XYL_F_0061_01","IBS_before"
0.190010438822598,0.090979282261873,"J_XYL_F_0061_02","IBS_after"
0.181486751339583,0.000482465422580751,"J_XYL_F_0062_01","IBS_before"
0.194279101437579,0.029539954875412,"J_XYL_F_0062_02","IBS_after"
-0.398540501024881,0.016787830083883,"J_XYL_F_0064_01","IBS_before"
-0.335141987135876,0.0100274006196581,"J_XYL_F_0064_02","IBS_after"
0.105577671891587,0.00306919906657304,"J_XYL_F_0065_01","IBS_before"
0.129824263118519,0.0938108291250094,"J_XYL_F_0065_02","IBS_after"
-0.241078435151456,0.00893657991293607,"J_XYL_F_0066_01","IBS_before"
0.0135186390960502,-0.135367482506951,"J_XYL_F_0066_02","IBS_after"
-0.273550785623972,0.0831099114775054,"K_XYL_F_0001_01","UC_before"
0.144185226017153,0.176597550784962,"K_XYL_F_0001_02","UC_after"
-0.437776107951791,0.0243525203968052,"K_XYL_F_0002_01","UC_before"
0.0223084087257331,0.184371491856526,"K_XYL_F_0002_02","UC_after"
-0.0134830433695711,-0.11387297711291,"K_XYL_F_0003_01","UC_before"
-0.42198834967949,-0.00864822574491706,"K_XYL_F_0003_02","UC_after"
-0.294929363257221,0.077144896996199,"K_XYL_F_0004_01","UC_before"
-0.287448920965037,0.0825197825274504,"K_XYL_F_0004_02","UC_after"
0.0271895151454958,0.0820758047089334,"K_XYL_F_0005_01","UC_before"
0.276464272153843,0.104714346274815,"K_XYL_F_0005_02","UC_after"
-0.107244209045135,0.0963458278419231,"K_XYL_F_0007_01","UC_before"
-0.0245666533942855,0.0707800994756309,"K_XYL_F_0007_02","UC_after"
-0.0618529468944801,0.0309560871090906,"K_XYL_F_0008_01","UC_before"
-0.272931636596135,-0.0305684241101758,"K_XYL_F_0008_02","UC_after"
0.147108375163423,-0.0199932096891052,"K_XYL_F_0009_01","UC_before"
0.0585489370795575,0.0599608003005944,"K_XYL_F_0009_02","UC_after"
0.0560778903287802,0.0810839877173611,"K_XYL_F_0011_01","UC_before"
0.203482681213755,0.0224920872281486,"K_XYL_F_0011_02","UC_after"
0.177818808826368,0.0613938482631978,"K_XYL_F_0012_01","UC_before"
0.0655371493692957,-0.46945825379661,"K_XYL_F_0012_02","UC_after"
-0.3901176449637,0.0162372446353359,"K_XYL_F_0013_01","UC_before"
0.0704001013784296,-0.361333779846243,"K_XYL_F_0013_02","UC_after"
0.145702481663063,0.107494464459561,"K_XYL_F_0017_01","UC_before"
-0.110300900198527,0.12506286382039,"K_XYL_F_0017_02","UC_after"
0.106990724242572,-0.0456338795959114,"K_XYL_F_0018_01","UC_before"
-0.0358482524468304,0.145021625953615,"K_XYL_F_0018_02","UC_after"
0.225881352616791,0.108937813748744,"K_XYL_F_0022_01","UC_before"
0.037890460755838,-0.473482668852532,"K_XYL_F_0022_02","UC_after"
0.0583233581510044,0.0191249272634154,"K_XYL_F_0028_01","UC_before"
0.24029513750045,0.109139723521142,"K_XYL_F_0028_02","UC_after"
0.0345833791446017,-0.116736305937205,"K_XYL_F_0030_02","UC_after"
0.318192773397486,0.148619815863195,"K_XYL_F_0030_03","UC_before"
0.287844056364775,-0.0543700295011709,"K_XYL_F_0033_01","UC_before"
0.245153592490827,-0.0818927327324016,"K_XYL_F_0033_02","UC_after"
0.154329099611831,0.0375193760826423,"K_XYL_F_0035_01","UC_before"
-0.0706019061102472,0.0549416106397586,"K_XYL_F_0035_02","UC_after"
0.0330115190671334,0.0246601315684391,"K_XYL_F_0036_01","UC_before"
0.236552764372264,0.0616209164724588,"K_XYL_F_0036_02","UC_after"
0.023238570590387,-0.542151958282452,"K_XYL_F_0037_01","UC_before"
0.0746281233784023,-0.490969035137469,"K_XYL_F_0037_02","UC_after"
0.060632779481748,0.153351819268743,"K_XYL_F_0038_01","UC_before"
0.248510814684062,0.108692709180228,"K_XYL_F_0038_02","UC_after"
0.143218527735564,0.105021535110092,"K_XYL_F_0039_01","UC_before"
-0.445345863479829,0.0353141721554291,"K_XYL_F_0039_02","UC_after"
0.150573271946907,-0.303181917453331,"K_XYL_F_0042_01","UC_before"
0.0962151216653034,-0.415361112849557,"K_XYL_F_0042_02","UC_after"
0.220894826196324,0.0984604588448143,"K_XYL_F_0043_01","UC_before"
0.305289501485553,0.119733162749854,"K_XYL_F_0043_02","UC_after"
0.286257965011485,0.0928464546609269,"K_XYL_F_0044_01","UC_before"
0.28018990200652,0.0774419394655659,"K_XYL_F_0044_02","UC_after"
0.0208513822863258,-0.180591312654066,"K_XYL_F_0045_01","UC_before"
0.163567309630794,0.0530168421392104,"K_XYL_F_0045_02","UC_after"
0.022419161468752,-0.227674949456653,"K_XYL_F_0046_01","UC_before"
0.152178511878476,0.0745536270579524,"K_XYL_F_0046_02","UC_after"
0.137705014336058,0.0605679738732061,"K_XYL_F_0047_01","UC_before"
0.102346801965698,0.0729120941927688,"K_XYL_F_0047_02","UC_after"
-0.166580147284367,-0.157810610985742,"K_XYL_F_0048_01","UC_before"
-0.0211173763593432,0.0886286496286135,"K_XYL_F_0048_02","UC_after"
